SQL基础

结构化查询语言



分类:

DDL：数据库定义语言，库、表、视图、索引、存储过程、函数，create drop alter

DML：数据库操纵语言，insert、delete、update

DQL：数据库查询语言，select

DCL：数据库控制语言，控制用户访问权限，grant、revoke



登录：

mysql -h ip -u xxx -p

## 查

```sql
show processlist; 查询数据库的链接数
kill thd_id  ##杀死线程/进程

show global status 查询数据库全局状态
select database()  ##查看当前数据库、用户、时间和版本
show grants for 'user'@'机器ip'   ##查看用户权限
explain sql语句 ##查看语句的执行计划，EXPLAIN SELECT * FROM user WHERE nid=3；
show master logs;##查看所有的log文件，在主服务器上执行。(即查看所有binlog日志列表)
show warnings; ##显示最近的警告详情。

##mysql查看数据库大小
SELECT sum(DATA_LENGTH)+sum(INDEX_LENGTH) FROM information_schema.TABLES where TABLE_SCHEMA='数据库名';

##mysql表占用的空间
SELECT TABLE_NAME,DATA_LENGTH+INDEX_LENGTH,TABLE_ROWS FROM TABLES WHERE TABLE_SCHEMA='数据库名' AND TABLE_NAME='表名'；

##查看表的最后mysql修改时间
select TABLE_NAME,UPDATE_TIME from INFORMATION_SCHEMA.tables where TABLE_SCHEMA='数据库名';

##QPS (Query per second) （每秒查询量）查询
SHOW GLOBAL STATUS LIKE 'Questions';
SHOW GLOBAL STATUS LIKE 'Uptime';
select 42260778868/26924936 AS QPS  from dual;

##TPS(Transaction per second) （每秒事务量，如果是InnoDB会显示，没有InnoDB就不会显示）查看
SHOW GLOBAL STATUS LIKE 'Com_commit';
SHOW GLOBAL STATUS LIKE 'Com_rollback';
SHOW GLOBAL STATUS LIKE 'Uptime';
select (1676595+1)/26925163 as TPS from dual;

##查库及表
show databases; -- 显示数据库
show create database db1 -- 显式数据库创建语句
show create table tablename \G; ##查看某表的创建脚本
describe 表名; -- 查看表结构


```











## DDL(数据定义语言)

数据库连接：

```shell
mysql -h ip -u root -p
参数：
-e 执行命令并推出
-h 主机地址
-p 密码
-P 端口
```

库

```mysql
#创建数据库
create database school;
create schema sch;

show charset;
show collation;
CREATE DATABASE test CHARSET utf8;
create database xyz charset utf8mb4 collate utf8mb4_bin;

建库规范：
1.库名不能有大写字母   
2.建库要加字符集         
3.库名不能有数字开头
4.库名要和业务相关

#删库(生产禁止)
drop database oldboy;

#修改
alter database db_name default charset utf8;                         #修改数据库的字符集 
注意：修改字符集，修改后的字符集一定是原字符集的严格超集
```

表

```mysql
#创建表
create table stu(
列1  属性（数据类型、约束、其他属性），
列2  属性，
列3  属性
)

USE school;
CREATE TABLE stu(
id      INT NOT NULL PRIMARY KEY AUTO_INCREMENT COMMENT '学号',
sname   VARCHAR(255) NOT NULL COMMENT '姓名',
sage    TINYINT UNSIGNED NOT NULL DEFAULT 0 COMMENT '年龄',
sgender ENUM('m','f','n') NOT NULL DEFAULT 'n' COMMENT '性别',
sfz     CHAR(18) NOT NULL UNIQUE  COMMENT '身份证',
intime  TIMESTAMP NOT NULL DEFAULT NOW() COMMENT '入学时间'
) ENGINE=INNODB CHARSET=utf8 COMMENT '学生表';

建表规范：
1. 表名小写
2. 不能是数字开头
3. 注意字符集和存储引擎
4. 表名和业务有关
5. 选择合适的数据类型
6. 每个列都要有注释
7. 每个列设置为非空，无法保证非空，用0来填充。

#复制
将s1复制为s2表
create table s2 select * from s1;
复制s1的表结构为s2，不包含数据
create table IF NOT EXISTS s2 (LIKE s1);

#删表（生产禁止）
drop table t1;

#修改
1.在stu表中添加qq列
DESC stu;
ALTER TABLE stu ADD qq VARCHAR(20) NOT NULL UNIQUE COMMENT 'qq号';
2.在sname后加微信列
ALTER TABLE stu ADD wechat VARCHAR(64) NOT NULL UNIQUE  COMMENT '微信号' AFTER sname;
3.在id列前加一个新列num
ALTER TABLE stu ADD num INT NOT NULL COMMENT '数字' FIRST;
DESC stu;
4.把刚才添加的列都删掉(危险)
ALTER TABLE stu DROP num;
ALTER TABLE stu DROP qq;
ALTER TABLE stu DROP wechat;
5.修改sname数据类型的属性
ALTER TABLE stu MODIFY sname VARCHAR(128)  NOT NULL;
6.将sgender 改为 sg 数据类型改为 CHAR 类型
ALTER TABLE stu CHANGE sgender sg CHAR(1) NOT NULL DEFAULT 'n' ;
DESC stu;
7.将表s1名字改成s2
alter table s1 rename to s2;
8.更改默认存储引擎
alter table s2 ENGINE=InnoDB;

alter table tab_name default charset utf8 collate utf8_general_ci;   #修改表字符集和字符序
```

用户

```mysql
#创建用户
create user 用户名@'客户端地址' identified by ‘密码’;

客户端地址：
%：匹配所有主机
192.168.0.%：匹配某个网段
192.168.0.1：匹配单个ip
%.chen.com：匹配一个dns区域
blog.chen.com：匹配指定域名

#删除用户
DROP USER 用户名@'客户端地址';
```



## DQL(数据查询语言)

库

```mysql
show databases；
show create database database_name \G                                #查看数据库字符集设置,推荐把 MySQL 的默认字符集设置为 UTF8MB4
```

表

```mysql
use school #打开数据库

show tables；#查看库中所有的表

desc stu; #查看表结构
DESC information_schema.TABLES;
TABLE_SCHEMA    ---->库名
TABLE_NAME      ---->表名
ENGINE          ---->引擎
TABLE_ROWS      ---->表的行数
AVG_ROW_LENGTH  ---->表中行的平均行（字节）
INDEX_LENGTH    ---->索引的占用空间大小（字节）

show create table table_name;      #查看表字符集设置

show table status                    # 查看表的引擎状态

SHOW COLUMNS FROM s21 LIKE '%name';  #查看s1表的结构，显示name字段

explain select * from s1;            #查询过程中的操作信息
```

单独使用

```mysql
-- select @@xxx 查看系统参数
SELECT @@port;
SELECT @@basedir;
SELECT @@datadir;
SELECT @@socket;
SELECT @@server_id;

SELECT NOW();
SELECT DATABASE();
SELECT USER();
select version();
SELECT CONCAT(USER,"@",HOST) FROM mysql.user;
SELECT GROUP_CONCAT(USER,"@",HOST) FROM mysql.user;
```

其他

```mysql
show engines;                 # 查看所有存储引擎
show processlist;             # 查看mysql进程
show full processlist;        # 显示进程全的语句
show slave status\G;          # 查看主从状态
show variables;               # 查看所有参数变量
show status;                  # 运行状态
show grants for user@'%';     # 查看用户权限
show OPEN TABLES where In_use > 0;                  # 查看当前锁信息
show variables like 'innodb_print_all_deadlocks';   # 查看当前死锁参数
show global variables like '%char%';                #查看RDS实例字符集相关参数设置
show global variables like 'coll%';                 #查看当前会话字符序相关参数设置
show charset;                                 #查看实例支持的字符集
show collation;                                     #查看实例支持的字符序
```

单表子句-from

```mysql
SELECT 列1,列2 FROM 表
SELECT  *  FROM 表

SELECT * FROM stu ; #查询stu中所有的数据(不要对大表进行操作)
select user,host from mysql.user; #显示所有用户
```

单表子句-where

```mysql
SELECT col1,col2 FROM TABLE WHERE colN 条件;

SELECT * FROM city WHERE countrycode='CHN'; #查询中国(CHN)所有城市信息

where配合比较操作符(> < >= <= <>)
SELECT * FROM city WHERE population<100; #查询世界上少于100人的城市

where配合逻辑运算符(and or )
SELECT * FROM city WHERE countrycode='CHN' AND population>5000000; #中国人口数量大于500w

where配合模糊查询
SELECT * FROM city WHERE district LIKE 'guang%'; #查询省的名字前面带guang开头的，注意:%不能放在前面,因为不走索引.

where配合in语句
SELECT * FROM city WHERE countrycode IN ('CHN' ,'USA'); #中国或美国城市信息

where配合between and
SELECT * FROM city  WHERE population BETWEEN 1000000 AND 2000000; #查询世界上人口数量大于100w小于200w的城市信息

查询所有innodb引擎的表及所在的库:
SELECT table_schema,table_name,ENGINE FROM information_schema.`TABLES`
WHERE ENGINE='innodb';

统计world数据库下每张表的磁盘空间占用:
SELECT table_name,CONCAT((TABLE_ROWS*AVG_ROW_LENGTH+INDEX_LENGTH)/1024," KB")  AS size_KB
FROM information_schema.tables WHERE TABLE_SCHEMA='world';
```

group by+常用聚合函数

```mysql
根据 by后面的条件进行分组，方便统计，by后面跟一个列或多个列

常用聚合函数
max()      ：最大值
min()      ：最小值
avg()      ：平均值
sum()      ：总和
count()    ：个数
group_concat() : 列转行

统计世界上每个国家的总人口数
USE world;
SELECT countrycode,SUM(population) FROM city GROUP BY countrycode;

统计中国各个省的总人口数量(练习)
SELECT district,SUM(Population) FROM city  WHERE countrycode='chn' GROUP BY district;

查询整个数据库中所有库和所对应的表信息:
SELECT table_schema,GROUP_CONCAT(table_name)
FROM  information_schema.tables
GROUP BY table_schema;

统计所有数据库的总的磁盘空间占用:
SELECT
TABLE_SCHEMA,
CONCAT(SUM(TABLE_ROWS*AVG_ROW_LENGTH+INDEX_LENGTH)/1024," KB") AS Total_KB
FROM information_schema.tables
GROUP BY table_schema;
```

having

```mysql
统计中国每个省的总人口数，只打印总人口数小于100
SELECT district,SUM(Population)
FROM city
WHERE countrycode='chn'
GROUP BY district
HAVING SUM(Population) < 1000000 ;
```

order by+limit

```mysql
实现先排序，by后添加条件列

查看中国所有的城市，并按人口数进行排序(从大到小)
SELECT * FROM city WHERE countrycode='CHN' ORDER BY population DESC;

统计中国各个省的总人口数量，按照总人口从大到小排序
SELECT district AS 省 ,SUM(Population) AS 总人口
FROM city
WHERE countrycode='chn'
GROUP BY district
ORDER BY 总人口 DESC ;

统计中国,每个省的总人口,找出总人口大于500w的,并按总人口从大到小排序,只显示前三名
SELECT  district, SUM(population)  FROM  city 
WHERE countrycode='CHN'
GROUP BY district 
HAVING SUM(population)>5000000
ORDER BY SUM(population) DESC
LIMIT 3 ;

LIMIT N ,M --->跳过N,显示一共M行
LIMIT 5,5

SELECT  district, SUM(population)  FROM  city 
WHERE countrycode='CHN'
GROUP BY district 
HAVING SUM(population)>5000000
ORDER BY SUM(population) DESC
LIMIT 5,5;
```

distinct

```mysql
去重复
SELECT countrycode FROM city ;
SELECT DISTINCT(countrycode) FROM city  ;
```

union all

```mysql
联合查询
-- 中国或美国城市信息

SELECT * FROM city 
WHERE countrycode IN ('CHN' ,'USA');

SELECT * FROM city WHERE countrycode='CHN'
UNION ALL
SELECT * FROM city WHERE countrycode='USA'

说明:一般情况下,我们会将 IN 或者 OR 语句 改写成 UNION ALL,来提高性能
UNION     去重复
UNION ALL 不去重复
```

join

```mysql
多表连接查询

案例准备：
use school
student ：学生表
sno：    学号
sname：学生姓名
sage： 学生年龄
ssex： 学生性别

teacher ：教师表
tno：     教师编号
tname：教师名字

course ：课程表
cno：  课程编号
cname：课程名字
tno：  教师编号

score  ：成绩表
sno：  学号
cno：  课程编号
score：成绩

-- 项目构建
drop database school;
CREATE DATABASE school CHARSET utf8;
USE school

CREATE TABLE student(
sno INT NOT NULL PRIMARY KEY AUTO_INCREMENT COMMENT '学号',
sname VARCHAR(20) NOT NULL COMMENT '姓名',
sage TINYINT UNSIGNED  NOT NULL COMMENT '年龄',
ssex  ENUM('f','m') NOT NULL DEFAULT 'm' COMMENT '性别'
)ENGINE=INNODB CHARSET=utf8;

CREATE TABLE course(
cno INT NOT NULL PRIMARY KEY COMMENT '课程编号',
cname VARCHAR(20) NOT NULL COMMENT '课程名字',
tno INT NOT NULL  COMMENT '教师编号'
)ENGINE=INNODB CHARSET utf8;

CREATE TABLE sc (
sno INT NOT NULL COMMENT '学号',
cno INT NOT NULL COMMENT '课程编号',
score INT  NOT NULL DEFAULT 0 COMMENT '成绩'
)ENGINE=INNODB CHARSET=utf8;

CREATE TABLE teacher(
tno INT NOT NULL PRIMARY KEY COMMENT '教师编号',
tname VARCHAR(20) NOT NULL COMMENT '教师名字'
)ENGINE=INNODB CHARSET utf8;

INSERT INTO student(sno,sname,sage,ssex)
VALUES (1,'zhang3',18,'m');

INSERT INTO student(sno,sname,sage,ssex)
VALUES
(2,'zhang4',18,'m'),
(3,'li4',18,'m'),
(4,'wang5',19,'f');

INSERT INTO student
VALUES
(5,'zh4',18,'m'),
(6,'zhao4',18,'m'),
(7,'ma6',19,'f');

INSERT INTO student(sname,sage,ssex)
VALUES
('oldboy',20,'m'),
('oldgirl',20,'f'),
('oldp',25,'m');


INSERT INTO teacher(tno,tname) VALUES
(101,'oldboy'),
(102,'hesw'),
(103,'oldguo');

DESC course;
INSERT INTO course(cno,cname,tno)
VALUES
(1001,'linux',101),
(1002,'python',102),
(1003,'mysql',103);

DESC sc;
INSERT INTO sc(sno,cno,score)
VALUES
(1,1001,80),
(1,1002,59),
(2,1002,90),
(2,1003,100),
(3,1001,99),
(3,1003,40),
(4,1001,79),
(4,1002,61),
(4,1003,99),
(5,1003,40),
(6,1001,89),
(6,1003,77),
(7,1001,67),
(7,1003,82),
(8,1001,70),
(9,1003,80),
(10,1003,96);

SELECT * FROM student;
SELECT * FROM teacher;
SELECT * FROM course;
SELECT * FROM sc;

查询张三的家庭住址
SELECT A.name,B.address FROM
A JOIN  B
ON A.id=B.id
WHERE A.name='zhangsan'

查询一下世界上人口数量小于100人的城市名和国家名
SELECT b.name ,a.name ,a.population
FROM  city  AS a
JOIN  country AS b
ON    b.code=a.countrycode
WHERE  a.Population<100

查询城市shenyang，城市人口，所在国家名（name）及国土面积（SurfaceArea）
SELECT a.name,a.population,b.name ,b.SurfaceArea
FROM city  AS a JOIN country AS b
ON a.countrycode=b.code
WHERE a.name='shenyang';
```



## DCL（数据控制语言）

```mysql
#授权
grant 权限列表 ON 库名.表名 TO 用户名@'客户端地址';
grant all on zabbix.* to user@"$IP";             # 对现有账号赋予权限
grant select on database.* to user@"%" Identified by "passwd";     # 赋予查询权限(没有用户，直接创建，不允许对当前库给其他用户赋权限)
grant all privileges on database.* to user@"localhost" identified by 'passwd' with grant option;   # 赋予本机指定用户所有权限(允许对当前库给其他用户赋权限)
grant select, insert, update, delete on database.* to user@'ip'identified by "passwd";   # 开放管理操作指令

#撤销权限
revoke all on *.* from user@localhost;     # 回收权限
```

## DML（数据操作语言）

对表中的数据行进行增、删、改

insert

```mysql
--- 最标准的insert语句
INSERT INTO stu(id,sname,sage,sg,sfz,intime) 
VALUES
(1,'zs',18,'m','123456',NOW());
SELECT * FROM stu;
--- 省事的写法
INSERT INTO stu 
VALUES
(2,'ls',18,'m','1234567',NOW());
--- 针对性的录入数据
INSERT INTO stu(sname,sfz)
VALUES ('w5','34445788');
--- 同时录入多行数据
INSERT INTO stu(sname,sfz)
VALUES 
('w55','3444578d8'),
('m6','1212313'),
('aa','123213123123');
SELECT * FROM stu;
```

update

```mysql
DESC stu;
SELECT * FROM stu;
UPDATE stu SET sname='zhao4' WHERE id=2;
注意：update语句必须要加where。
```

delete（危险）

```mysql
DELETE FROM stu  WHERE id=3;

全表删除:
DELETE FROM stu
truncate table stu;
区别:
delete: DML操作, 是逻辑性质删除,逐行进行删除,速度慢.
truncate: DDL操作,对与表段中的数据页进行清空,速度快.

伪删除：用update来替代delete，最终保证业务中查不到（select）即可
1.添加状态列
ALTER TABLE stu ADD state TINYINT NOT NULL DEFAULT 1 ;
SELECT * FROM stu;
2. UPDATE 替代 DELETE
UPDATE stu SET state=0 WHERE id=6;
3. 业务语句查询
SELECT * FROM stu WHERE state=1;
```



## 运维常用命令

### 数据库管理

查看数据库列表

```sql
show databases;
```

创建xxx数据库，默认字符集

```sql
creat database xxx;
```

查看数据库字符集

```sql
show create database xxx;
```

创建一个utf8字符集和排序规则的库

```sql
create database xxx character set utf8 collate utf8_general_ci;
```

删除数据库

```sql
drop database xxx;
```

### 配置管理

查看最大连接数

```sql
show variables like "max_connections";
```

设置最大连接数

```sql
set GLOBAL max_connections=1000;
```

查看每个用户的最大连接数

```
show variables like '%max_user_connections%';
```

数据库时区

```
show variables like "%time_zone";
```

查看当前时间

```
select curtime();
```

临时修改mysql全局时区为 UTC+8

```
set global time_zone = '+8:00';
```

### 用户管理

- 创建用户-MySQL创建用户和授权分为两步操作，先创建，在授权。

```
CREATE USER demo@'%' IDENTIFIED BY 'demo@888888';
```

例如指定允许 192.168.0.0/16 网段访问

```
CREATE USER demo@'192.168.%.%' IDENTIFIED BY 'demo@888888';
```

修改指定用户的密码，如 demo@'%' 的密码修改为 demo@new_mima

```
alter user demo@'%' identified by 'demo@new_mima';
```

新增授权-格式 GRANT 权限（ALL 为全部） ON 数据库名.数据表名(*.* 代表全部) TO 用户名@'授权来源地址'

```
GRANT ALL ON *.* TO demo@'%';
```

如授权 demo@'%' 对 demo 库为只读

```
GRANT SELECT ON demo.* TO demo@'%';
```

查看该用户对demo数据库的权限

```
SHOW GRANTS FOR demo@'%';
```

移除授权-移除授权和添加授权差不多，把 GRANT 换成 REVOKE，把 to 换成 FROM，回收 demo@'%' 用户对demo数据库的只读权限

```
REVOKE SELECT ON demo.* FROM demo@'%';
```

删除指定用户 demo@'%'，删除后后权限会被回收

```
DROP USER demo@'%';
```

刷新MySQL

```
FLUSH PRIVILEGES;
```

### 磁盘管理

查询 MySQL 占用磁盘大小

```
mysql> use information_schema;
mysql> select concat(round(sum(DATA_LENGTH/1024/1024),2),'MB') as 总容量 from TABLES;+-----------+| 总容量    |+-----------+| 1602.98MB |+-----------+1 row in set (0.14 sec)
```

查看所有数据库中的表大小

```
# 无需替换参数，直接执行，会显示所有表的信息mysql> selecttable_schema as '数据库',table_name as '表名',table_rows as '记录数',truncate(data_length/1024/1024, 2) as '数据容量(MB)',truncate(index_length/1024/1024, 2) as '索引容量(MB)'from information_schema.tablesorder by data_length desc, index_length desc;
```

查看各数据库占用的磁盘大小

```
# 无需替换参数，会全部显示mysql> selectTABLE_SCHEMA, concat(truncate(sum(data_length)/1024/1024,2),' MB') as data_size,concat(truncate(sum(index_length)/1024/1024,2),'MB') as index_sizefrom information_schema.tablesgroup by TABLE_SCHEMAORDER BY data_size desc;
```

查看指定数据库中的表占用磁盘大小

```
# 查询所有表，只需要修改 table_schema 为自己的数据库名称mysql> selecttable_schema as '数据库',table_name as '表名',table_rows as '记录数',truncate(data_length/1024/1024, 2) as '数据容量(MB)',truncate(index_length/1024/1024, 2) as '索引容量(MB)'from information_schema.tableswhere table_schema='demo'order by data_length desc, index_length desc;
```

### 进程管理

正在执行的进程

```
# 查看当前正在运行的进程，可使用 mysql> show full processlist\G 进行格式化输出mysql> show full processlist;+----+-----------------+-----------+--------+---------+------+------------------------+-------------------------------------+| Id | User            | Host      | db     | Command | Time | State                  | Info                                |+----+-----------------+-----------+--------+---------+------+------------------------+-------------------------------------+|  5 | event_scheduler | localhost | NULL   | Daemon  |  188 | Waiting on empty queue | NULL                                ||  8 | root            | localhost | demo | Query   |    0 | init                   | show full processlist               ||  9 | root            | localhost | NULL   | Query   |   33 | User sleep             | select *,sleep(100) from mysql.user |+----+-----------------+-----------+--------+---------+------+------------------------+-------------------------------------+3 rows in set (0.00 sec)
# 可以看到 Id 为 9 的 sql 执行了 33 秒，如果不想让其执行，可以使用 kill 命令杀掉该进程。mysql> kill 9;Query OK, 0 rows affected (0.00 sec)
# 验证mysql> show full processlist;+----+-----------------+-----------+--------+---------+------+------------------------+-------------------------------------+| Id | User            | Host      | db     | Command | Time | State                  | Info                                |+----+-----------------+-----------+--------+---------+------+------------------------+-------------------------------------+|  5 | event_scheduler | localhost | NULL   | Daemon  |  282 | Waiting on empty queue | NULL                                ||  8 | root            | localhost | demo | Query   |    0 | init                   | show full processlist               || 11 | root            | localhost | NULL   | Query   |   17 | User sleep             | select *,sleep(100) from mysql.user |+----+-----------------+-----------+--------+---------+------+------------------------+-------------------------------------+3 rows in set (0.00 sec)
```